<?xml version="1.0" encoding="UTF-8"?><rss version="2.0"
	xmlns:content="http://purl.org/rss/1.0/modules/content/"
	xmlns:wfw="http://wellformedweb.org/CommentAPI/"
	xmlns:dc="http://purl.org/dc/elements/1.1/"
	xmlns:atom="http://www.w3.org/2005/Atom"
	xmlns:sy="http://purl.org/rss/1.0/modules/syndication/"
	xmlns:slash="http://purl.org/rss/1.0/modules/slash/"
	>

<channel>
	<title>Fashion &#8211; shop</title>
	<atom:link href="http://localhost/shop/categoria-prodotto/fashion/feed/?simply_static_page=216" rel="self" type="application/rss+xml" />
	<link></link>
	<description></description>
	<lastBuildDate>Thu, 23 Mar 2023 13:10:57 +0000</lastBuildDate>
	<language>it-IT</language>
	<sy:updatePeriod>
	hourly	</sy:updatePeriod>
	<sy:updateFrequency>
	1	</sy:updateFrequency>
	<generator>https://wordpress.org/?v=6.1.1</generator>
	<item>
		<title>Borsa Dior</title>
		<link>/prodotto/borsa-dior/</link>
					<comments>/prodotto/borsa-dior/#respond</comments>
		
		<dc:creator><![CDATA[jen]]></dc:creator>
		<pubDate>Thu, 23 Mar 2023 10:08:12 +0000</pubDate>
				<guid isPermaLink="false">/?post_type=product#038;p=62</guid>

					<description><![CDATA[Borsa]]></description>
										<content:encoded><![CDATA[<p>Borsa</p>
]]></content:encoded>
					
					<wfw:commentRss>/prodotto/borsa-dior/feed/</wfw:commentRss>
			<slash:comments>0</slash:comments>
		
		
			</item>
	</channel>
</rss>
