<?xml version="1.0" encoding="UTF-8"?><rss version="2.0"
	xmlns:content="http://purl.org/rss/1.0/modules/content/"
	xmlns:wfw="http://wellformedweb.org/CommentAPI/"
	xmlns:dc="http://purl.org/dc/elements/1.1/"
	xmlns:atom="http://www.w3.org/2005/Atom"
	xmlns:sy="http://purl.org/rss/1.0/modules/syndication/"
	xmlns:slash="http://purl.org/rss/1.0/modules/slash/"
	>

<channel>
	<title>Music &#8211; shop</title>
	<atom:link href="http://localhost/shop/categoria-prodotto/music/feed/?simply_static_page=201" rel="self" type="application/rss+xml" />
	<link></link>
	<description></description>
	<lastBuildDate>Thu, 23 Mar 2023 16:35:02 +0000</lastBuildDate>
	<language>it-IT</language>
	<sy:updatePeriod>
	hourly	</sy:updatePeriod>
	<sy:updateFrequency>
	1	</sy:updateFrequency>
	<generator>https://wordpress.org/?v=6.1.1</generator>
	<item>
		<title>Borsa musica4</title>
		<link>/prodotto/musica-4/</link>
					<comments>/prodotto/musica-4/#respond</comments>
		
		<dc:creator><![CDATA[jen]]></dc:creator>
		<pubDate>Thu, 23 Mar 2023 16:33:59 +0000</pubDate>
				<guid isPermaLink="false">/?post_type=product#038;p=95</guid>

					<description><![CDATA[Borsa]]></description>
										<content:encoded><![CDATA[<p>Borsa</p>
]]></content:encoded>
					
					<wfw:commentRss>/prodotto/musica-4/feed/</wfw:commentRss>
			<slash:comments>0</slash:comments>
		
		
			</item>
		<item>
		<title>Borsa Musica 3</title>
		<link>/prodotto/borsa-musica-3/</link>
					<comments>/prodotto/borsa-musica-3/#respond</comments>
		
		<dc:creator><![CDATA[jen]]></dc:creator>
		<pubDate>Thu, 23 Mar 2023 16:32:32 +0000</pubDate>
				<guid isPermaLink="false">/?post_type=product#038;p=94</guid>

					<description><![CDATA[Borsa]]></description>
										<content:encoded><![CDATA[<p>Borsa</p>
]]></content:encoded>
					
					<wfw:commentRss>/prodotto/borsa-musica-3/feed/</wfw:commentRss>
			<slash:comments>0</slash:comments>
		
		
			</item>
		<item>
		<title>Borsa Musica1</title>
		<link>/prodotto/borsa-musica1/</link>
					<comments>/prodotto/borsa-musica1/#respond</comments>
		
		<dc:creator><![CDATA[jen]]></dc:creator>
		<pubDate>Thu, 23 Mar 2023 09:57:42 +0000</pubDate>
				<guid isPermaLink="false">/?post_type=product#038;p=48</guid>

					<description><![CDATA[Borsa]]></description>
										<content:encoded><![CDATA[<p>Borsa</p>
]]></content:encoded>
					
					<wfw:commentRss>/prodotto/borsa-musica1/feed/</wfw:commentRss>
			<slash:comments>0</slash:comments>
		
		
			</item>
	</channel>
</rss>
